[{"id":672012532,"title":"Blog Template","order":1,"templateKey":"blog","customTemplate":false,"customTemplateFilename":null,"pageLinks":[],"dateCreated":"2024-07-01T09:56:31.869Z","dateUpdated":"2024-07-01T09:56:34.688Z","folderId":null,"pageName":"Blog Template","serverPageId":null,"sectionCount":1,"status":2,"backwardUrl":null},{"id":631429560,"title":"Post Template","order":2,"templateKey":"post","customTemplate":false,"customTemplateFilename":null,"pageLinks":[],"dateCreated":"2024-07-01T09:56:32.115Z","dateUpdated":"2024-07-01T09:56:34.689Z","folderId":null,"pageName":"Post Template","serverPageId":null,"sectionCount":1,"status":2,"backwardUrl":null},{"id":271908683,"title":"Product List Template","order":3,"templateKey":"products","customTemplate":false,"customTemplateFilename":null,"pageLinks":[],"dateCreated":"2024-07-01T09:56:32.406Z","dateUpdated":"2024-07-01T09:56:34.689Z","folderId":null,"pageName":"Product List Template","serverPageId":null,"sectionCount":1,"status":2,"backwardUrl":null},{"id":71276383,"title":"Product Details Template","order":4,"templateKey":"product","customTemplate":false,"customTemplateFilename":null,"pageLinks":[],"dateCreated":"2024-07-01T09:56:32.733Z","dateUpdated":"2024-07-01T09:56:34.690Z","folderId":null,"pageName":"Product Details Template","serverPageId":null,"sectionCount":1,"status":2,"backwardUrl":null},{"id":439706316,"title":"Shopping Cart Template","order":5,"templateKey":"cart","customTemplate":false,"customTemplateFilename":null,"pageLinks":[],"dateCreated":"2024-07-01T09:56:33.024Z","dateUpdated":"2024-07-01T10:32:44.209Z","folderId":null,"pageName":"Shopping Cart Template","serverPageId":null,"sectionCount":1,"status":2,"backwardUrl":null},{"id":658630886,"title":"Checkout Template","order":6,"templateKey":"checkout","customTemplate":false,"customTemplateFilename":null,"pageLinks":[],"dateCreated":"2024-07-01T09:56:33.400Z","dateUpdated":"2024-07-01T09:56:34.690Z","folderId":null,"pageName":"Checkout Template","serverPageId":null,"sectionCount":1,"status":2,"backwardUrl":null},{"id":304602650,"title":"Login Template","order":7,"templateKey":"login","customTemplate":false,"customTemplateFilename":null,"pageLinks":[],"dateCreated":"2024-07-01T09:56:33.623Z","dateUpdated":"2024-07-01T09:56:34.691Z","folderId":null,"pageName":"Login Template","serverPageId":null,"sectionCount":1,"status":2,"backwardUrl":null},{"id":2486828894,"title":"Page Password Template","order":8,"templateKey":"password","customTemplate":false,"customTemplateFilename":null,"pageLinks":[],"dateCreated":"2024-07-01T09:56:33.778Z","dateUpdated":"2024-07-01T09:56:34.691Z","folderId":null,"pageName":"Page Password Template","serverPageId":null,"sectionCount":1,"status":2,"backwardUrl":null},{"id":297046461,"title":"404 Not Found Template","order":9,"templateKey":"404","customTemplate":false,"customTemplateFilename":null,"pageLinks":[],"dateCreated":"2024-07-01T09:56:33.917Z","dateUpdated":"2024-07-01T09:56:34.691Z","folderId":null,"pageName":"404 Not Found Template","serverPageId":null,"sectionCount":1,"status":2,"backwardUrl":null},{"id":28953442,"title":"Thank You Page Template","order":10,"templateKey":"ThankYou","customTemplate":false,"customTemplateFilename":null,"pageLinks":[],"dateCreated":"2024-07-01T09:56:34.042Z","dateUpdated":"2024-07-01T09:56:34.691Z","folderId":null,"pageName":"Thank You Page Template","serverPageId":null,"sectionCount":1,"status":2,"backwardUrl":null},{"id":581408478,"title":"Home","order":50,"templateKey":null,"customTemplate":false,"customTemplateFilename":null,"pageLinks":["627230031"],"dateCreated":"2024-07-01T09:58:31.271Z","dateUpdated":"2024-07-01T10:45:16.411Z","folderId":null,"pageName":"Home_581408478","serverPageId":null,"sectionCount":7,"status":2,"backwardUrl":null},{"id":7535590,"title":"About","order":100,"templateKey":null,"customTemplate":false,"customTemplateFilename":null,"pageLinks":[],"dateCreated":"2024-07-01T09:56:34.139Z","dateUpdated":"2024-07-01T10:15:04.906Z","folderId":null,"pageName":"About_7535590","serverPageId":null,"sectionCount":1,"status":2,"backwardUrl":null},{"id":26285467,"title":"Contact","order":101,"templateKey":null,"customTemplate":false,"customTemplateFilename":null,"pageLinks":[],"dateCreated":"2024-07-01T09:56:34.217Z","dateUpdated":"2024-07-01T10:10:04.091Z","folderId":null,"pageName":"Contact_26285467","serverPageId":null,"sectionCount":2,"status":2,"backwardUrl":null},{"id":176863343,"title":"Order","order":102,"templateKey":null,"customTemplate":false,"customTemplateFilename":null,"pageLinks":["627230031"],"dateCreated":"2024-07-01T10:15:33.034Z","dateUpdated":"2024-07-01T10:42:38.316Z","folderId":null,"pageName":"Order_176863343","serverPageId":null,"sectionCount":1,"status":2,"backwardUrl":null},{"id":627230031,"title":"Cart","order":103,"templateKey":null,"customTemplate":false,"customTemplateFilename":null,"pageLinks":["627230031"],"dateCreated":"2024-07-01T10:36:39.044Z","dateUpdated":"2024-07-01T10:43:56.671Z","folderId":null,"pageName":"Cart_627230031","serverPageId":null,"sectionCount":2,"status":2,"backwardUrl":null}]