{"products":[{"id":"4","name":"pizza","title":"Pizza","description":"","fullDescription":" Lorem ipsum dolor sit amet, consectetur adipiscing elit nullam nunc justo sagittis suscipit ultrices.","price":"20","oldPrice":"25","quantity":1,"currency":"USD","sku":"","outOfStock":false,"isFeatured":false,"categories":["3"],"images":[{"url":"np://user.desktop.nicepage.com/Site_693420267/images/523c290c72fdf40c9c19b1f0afb8b368f7255b53f57c67a3a59b559b6f19020b8c28ecd1cf18b8f865669223439c03664f79bde4c681187257970c_1280.jpg"}],"created":1719827795460,"updated":1719829103302,"isDefault":true},{"id":"5","name":"pizza-1","title":"Pizza","description":"Sample text. Lorem ipsum dolor sit amet, consectetur adipiscing elit nullam nunc justo sagittis suscipit ultrices.","fullDescription":"Sample text. Lorem ipsum dolor sit amet, consectetur adipiscing elit nullam nunc justo sagittis suscipit ultrices.","price":"7","oldPrice":"10","quantity":1,"currency":"USD","sku":"","outOfStock":false,"isFeatured":false,"categories":["2"],"images":[{"url":"np://user.desktop.nicepage.com/Site_693420267/images/4cc2a8de10a5b5bdcd55bd404c988def4c764f4f42d28bb5aded0aafd88f57ed04fedd6119b435f37c9b2e8a4abe99889c2692f3d9aeac5476aa98_1280.jpg"}],"created":1719827795460,"updated":1719829226474,"isDefault":true},{"id":"6","name":"pizza-2","title":"Pizza","description":"Sample text. Lorem ipsum dolor sit amet, consectetur adipiscing elit nullam nunc justo sagittis suscipit ultrices.","fullDescription":"Sample text. Lorem ipsum dolor sit amet, consectetur adipiscing elit nullam nunc justo sagittis suscipit ultrices.","price":"150","oldPrice":"175","quantity":1,"currency":"USD","sku":"","outOfStock":false,"isFeatured":false,"categories":["1"],"images":[{"url":"np://user.desktop.nicepage.com/Site_693420267/images/f2696c3d48c2830eddd0b825eb872ba8c2a557e63a9b6af3d23f2222a1b527f00eb9d486f5751c5b501f515a1762227391a70370e5c923f1c56cdd_1280.jpg"}],"created":1719827795460,"updated":1719829252945,"isDefault":true}],"categories":[{"id":"1","title":"Clothes","categoryId":null,"created":1719827795458,"updated":1719827795458},{"id":"2","title":"Shoes","categoryId":null,"created":1719827795458,"updated":1719827795458},{"id":"3","title":"Accessories","categoryId":null,"created":1719827795458,"updated":1719827795458}]}